[
	{
		"inputs": [],
		"stateMutability": "nonpayable",
		"type": "constructor"
	},
	{
		"inputs": [],
		"name": "AccessControlBadConfirmation",
		"type": "error"
	},
	{
		"inputs": [
			{
				"internalType": "address",
				"name": "account",
				"type": "address"
			},
			{
				"internalType": "bytes32",
				"name": "neededRole",
				"type": "bytes32"
			}
		],
		"name": "AccessControlUnauthorizedAccount",
		"type": "error"
	},
	{
		"inputs": [
			{
				"internalType": "address",
				"name": "spender",
				"type": "address"
			},
			{
				"internalType": "uint256",
				"name": "value",
				"type": "uint256"
			}
		],
		"name": "approve",
		"outputs": [
			{
				"internalType": "bool",
				"name": "",
				"type": "bool"
			}
		],
		"stateMutability": "nonpayable",
		"type": "function"
	},
	{
		"inputs": [
			{
				"internalType": "address",
				"name": "from",
				"type": "address"
			},
			{
				"internalType": "uint256",
				"name": "amount",
				"type": "uint256"
			}
		],
		"name": "burn",
		"outputs": [],
		"stateMutability": "nonpayable",
		"type": "function"
	},
	{
		"inputs": [],
		"name": "ECDSAInvalidSignature",
		"type": "error"
	},
	{
		"inputs": [
			{
				"internalType": "uint256",
				"name": "length",
				"type": "uint256"
			}
		],
		"name": "ECDSAInvalidSignatureLength",
		"type": "error"
	},
	{
		"inputs": [
			{
				"internalType": "bytes32",
				"name": "s",
				"type": "bytes32"
			}
		],
		"name": "ECDSAInvalidSignatureS",
		"type": "error"
	},
	{
		"inputs": [
			{
				"internalType": "address",
				"name": "spender",
				"type": "address"
			},
			{
				"internalType": "uint256",
				"name": "allowance",
				"type": "uint256"
			},
			{
				"internalType": "uint256",
				"name": "needed",
				"type": "uint256"
			}
		],
		"name": "ERC20InsufficientAllowance",
		"type": "error"
	},
	{
		"inputs": [
			{
				"internalType": "address",
				"name": "sender",
				"type": "address"
			},
			{
				"internalType": "uint256",
				"name": "balance",
				"type": "uint256"
			},
			{
				"internalType": "uint256",
				"name": "needed",
				"type": "uint256"
			}
		],
		"name": "ERC20InsufficientBalance",
		"type": "error"
	},
	{
		"inputs": [
			{
				"internalType": "address",
				"name": "approver",
				"type": "address"
			}
		],
		"name": "ERC20InvalidApprover",
		"type": "error"
	},
	{
		"inputs": [
			{
				"internalType": "address",
				"name": "receiver",
				"type": "address"
			}
		],
		"name": "ERC20InvalidReceiver",
		"type": "error"
	},
	{
		"inputs": [
			{
				"internalType": "address",
				"name": "sender",
				"type": "address"
			}
		],
		"name": "ERC20InvalidSender",
		"type": "error"
	},
	{
		"inputs": [
			{
				"internalType": "address",
				"name": "spender",
				"type": "address"
			}
		],
		"name": "ERC20InvalidSpender",
		"type": "error"
	},
	{
		"inputs": [
			{
				"internalType": "uint256",
				"name": "deadline",
				"type": "uint256"
			}
		],
		"name": "ERC2612ExpiredSignature",
		"type": "error"
	},
	{
		"inputs": [
			{
				"internalType": "address",
				"name": "signer",
				"type": "address"
			},
			{
				"internalType": "address",
				"name": "owner",
				"type": "address"
			}
		],
		"name": "ERC2612InvalidSigner",
		"type": "error"
	},
	{
		"inputs": [
			{
				"internalType": "address",
				"name": "account",
				"type": "address"
			}
		],
		"name": "grantBridgeRole",
		"outputs": [],
		"stateMutability": "nonpayable",
		"type": "function"
	},
	{
		"inputs": [
			{
				"internalType": "bytes32",
				"name": "role",
				"type": "bytes32"
			},
			{
				"internalType": "address",
				"name": "account",
				"type": "address"
			}
		],
		"name": "grantRole",
		"outputs": [],
		"stateMutability": "nonpayable",
		"type": "function"
	},
	{
		"inputs": [
			{
				"internalType": "address",
				"name": "account",
				"type": "address"
			},
			{
				"internalType": "uint256",
				"name": "currentNonce",
				"type": "uint256"
			}
		],
		"name": "InvalidAccountNonce",
		"type": "error"
	},
	{
		"inputs": [],
		"name": "InvalidShortString",
		"type": "error"
	},
	{
		"inputs": [
			{
				"internalType": "address",
				"name": "to",
				"type": "address"
			},
			{
				"internalType": "uint256",
				"name": "amount",
				"type": "uint256"
			}
		],
		"name": "mint",
		"outputs": [],
		"stateMutability": "nonpayable",
		"type": "function"
	},
	{
		"inputs": [
			{
				"internalType": "uint256",
				"name": "balance",
				"type": "uint256"
			},
			{
				"internalType": "uint256",
				"name": "amount",
				"type": "uint256"
			}
		],
		"name": "PegQubeSwapPYUSD__InsufficientBalance",
		"type": "error"
	},
	{
		"inputs": [],
		"name": "PegQubeSwapPYUSD__NotMinter",
		"type": "error"
	},
	{
		"inputs": [],
		"name": "PegQubeSwapPYUSD__ZeroAddress",
		"type": "error"
	},
	{
		"inputs": [
			{
				"internalType": "bytes32",
				"name": "role",
				"type": "bytes32"
			},
			{
				"internalType": "address",
				"name": "callerConfirmation",
				"type": "address"
			}
		],
		"name": "renounceRole",
		"outputs": [],
		"stateMutability": "nonpayable",
		"type": "function"
	},
	{
		"inputs": [
			{
				"internalType": "bytes32",
				"name": "role",
				"type": "bytes32"
			},
			{
				"internalType": "address",
				"name": "account",
				"type": "address"
			}
		],
		"name": "revokeRole",
		"outputs": [],
		"stateMutability": "nonpayable",
		"type": "function"
	},
	{
		"inputs": [
			{
				"internalType": "string",
				"name": "str",
				"type": "string"
			}
		],
		"name": "StringTooLong",
		"type": "error"
	},
	{
		"anonymous": false,
		"inputs": [
			{
				"indexed": true,
				"internalType": "address",
				"name": "owner",
				"type": "address"
			},
			{
				"indexed": true,
				"internalType": "address",
				"name": "spender",
				"type": "address"
			},
			{
				"indexed": false,
				"internalType": "uint256",
				"name": "value",
				"type": "uint256"
			}
		],
		"name": "Approval",
		"type": "event"
	},
	{
		"anonymous": false,
		"inputs": [
			{
				"indexed": true,
				"internalType": "address",
				"name": "account",
				"type": "address"
			}
		],
		"name": "BridgeRoleGranted",
		"type": "event"
	},
	{
		"anonymous": false,
		"inputs": [
			{
				"indexed": true,
				"internalType": "address",
				"name": "account",
				"type": "address"
			}
		],
		"name": "BridgeRoleRevoked",
		"type": "event"
	},
	{
		"anonymous": false,
		"inputs": [
			{
				"indexed": true,
				"internalType": "address",
				"name": "from",
				"type": "address"
			},
			{
				"indexed": false,
				"internalType": "uint256",
				"name": "amount",
				"type": "uint256"
			}
		],
		"name": "Burn",
		"type": "event"
	},
	{
		"anonymous": false,
		"inputs": [],
		"name": "EIP712DomainChanged",
		"type": "event"
	},
	{
		"anonymous": false,
		"inputs": [
			{
				"indexed": true,
				"internalType": "address",
				"name": "to",
				"type": "address"
			},
			{
				"indexed": false,
				"internalType": "uint256",
				"name": "amount",
				"type": "uint256"
			}
		],
		"name": "Mint",
		"type": "event"
	},
	{
		"inputs": [
			{
				"internalType": "address",
				"name": "owner",
				"type": "address"
			},
			{
				"internalType": "address",
				"name": "spender",
				"type": "address"
			},
			{
				"internalType": "uint256",
				"name": "value",
				"type": "uint256"
			},
			{
				"internalType": "uint256",
				"name": "deadline",
				"type": "uint256"
			},
			{
				"internalType": "uint8",
				"name": "v",
				"type": "uint8"
			},
			{
				"internalType": "bytes32",
				"name": "r",
				"type": "bytes32"
			},
			{
				"internalType": "bytes32",
				"name": "s",
				"type": "bytes32"
			}
		],
		"name": "permit",
		"outputs": [],
		"stateMutability": "nonpayable",
		"type": "function"
	},
	{
		"inputs": [
			{
				"internalType": "address",
				"name": "account",
				"type": "address"
			}
		],
		"name": "revokeBridgeRole",
		"outputs": [],
		"stateMutability": "nonpayable",
		"type": "function"
	},
	{
		"anonymous": false,
		"inputs": [
			{
				"indexed": true,
				"internalType": "bytes32",
				"name": "role",
				"type": "bytes32"
			},
			{
				"indexed": true,
				"internalType": "bytes32",
				"name": "previousAdminRole",
				"type": "bytes32"
			},
			{
				"indexed": true,
				"internalType": "bytes32",
				"name": "newAdminRole",
				"type": "bytes32"
			}
		],
		"name": "RoleAdminChanged",
		"type": "event"
	},
	{
		"anonymous": false,
		"inputs": [
			{
				"indexed": true,
				"internalType": "bytes32",
				"name": "role",
				"type": "bytes32"
			},
			{
				"indexed": true,
				"internalType": "address",
				"name": "account",
				"type": "address"
			},
			{
				"indexed": true,
				"internalType": "address",
				"name": "sender",
				"type": "address"
			}
		],
		"name": "RoleGranted",
		"type": "event"
	},
	{
		"anonymous": false,
		"inputs": [
			{
				"indexed": true,
				"internalType": "bytes32",
				"name": "role",
				"type": "bytes32"
			},
			{
				"indexed": true,
				"internalType": "address",
				"name": "account",
				"type": "address"
			},
			{
				"indexed": true,
				"internalType": "address",
				"name": "sender",
				"type": "address"
			}
		],
		"name": "RoleRevoked",
		"type": "event"
	},
	{
		"inputs": [
			{
				"internalType": "address",
				"name": "to",
				"type": "address"
			},
			{
				"internalType": "uint256",
				"name": "amount",
				"type": "uint256"
			}
		],
		"name": "transfer",
		"outputs": [
			{
				"internalType": "bool",
				"name": "",
				"type": "bool"
			}
		],
		"stateMutability": "nonpayable",
		"type": "function"
	},
	{
		"anonymous": false,
		"inputs": [
			{
				"indexed": true,
				"internalType": "address",
				"name": "from",
				"type": "address"
			},
			{
				"indexed": true,
				"internalType": "address",
				"name": "to",
				"type": "address"
			},
			{
				"indexed": false,
				"internalType": "uint256",
				"name": "value",
				"type": "uint256"
			}
		],
		"name": "Transfer",
		"type": "event"
	},
	{
		"inputs": [
			{
				"internalType": "address",
				"name": "from",
				"type": "address"
			},
			{
				"internalType": "address",
				"name": "to",
				"type": "address"
			},
			{
				"internalType": "uint256",
				"name": "amount",
				"type": "uint256"
			}
		],
		"name": "transferFrom",
		"outputs": [
			{
				"internalType": "bool",
				"name": "",
				"type": "bool"
			}
		],
		"stateMutability": "nonpayable",
		"type": "function"
	},
	{
		"inputs": [
			{
				"internalType": "address",
				"name": "owner",
				"type": "address"
			},
			{
				"internalType": "address",
				"name": "spender",
				"type": "address"
			}
		],
		"name": "allowance",
		"outputs": [
			{
				"internalType": "uint256",
				"name": "",
				"type": "uint256"
			}
		],
		"stateMutability": "view",
		"type": "function"
	},
	{
		"inputs": [
			{
				"internalType": "address",
				"name": "account",
				"type": "address"
			}
		],
		"name": "balanceOf",
		"outputs": [
			{
				"internalType": "uint256",
				"name": "",
				"type": "uint256"
			}
		],
		"stateMutability": "view",
		"type": "function"
	},
	{
		"inputs": [],
		"name": "BRIDGE_ROLE",
		"outputs": [
			{
				"internalType": "bytes32",
				"name": "",
				"type": "bytes32"
			}
		],
		"stateMutability": "view",
		"type": "function"
	},
	{
		"inputs": [],
		"name": "decimals",
		"outputs": [
			{
				"internalType": "uint8",
				"name": "",
				"type": "uint8"
			}
		],
		"stateMutability": "view",
		"type": "function"
	},
	{
		"inputs": [],
		"name": "DEFAULT_ADMIN_ROLE",
		"outputs": [
			{
				"internalType": "bytes32",
				"name": "",
				"type": "bytes32"
			}
		],
		"stateMutability": "view",
		"type": "function"
	},
	{
		"inputs": [],
		"name": "DOMAIN_SEPARATOR",
		"outputs": [
			{
				"internalType": "bytes32",
				"name": "",
				"type": "bytes32"
			}
		],
		"stateMutability": "view",
		"type": "function"
	},
	{
		"inputs": [],
		"name": "eip712Domain",
		"outputs": [
			{
				"internalType": "bytes1",
				"name": "fields",
				"type": "bytes1"
			},
			{
				"internalType": "string",
				"name": "name",
				"type": "string"
			},
			{
				"internalType": "string",
				"name": "version",
				"type": "string"
			},
			{
				"internalType": "uint256",
				"name": "chainId",
				"type": "uint256"
			},
			{
				"internalType": "address",
				"name": "verifyingContract",
				"type": "address"
			},
			{
				"internalType": "bytes32",
				"name": "salt",
				"type": "bytes32"
			},
			{
				"internalType": "uint256[]",
				"name": "extensions",
				"type": "uint256[]"
			}
		],
		"stateMutability": "view",
		"type": "function"
	},
	{
		"inputs": [],
		"name": "getOwner",
		"outputs": [
			{
				"internalType": "address",
				"name": "",
				"type": "address"
			}
		],
		"stateMutability": "view",
		"type": "function"
	},
	{
		"inputs": [
			{
				"internalType": "bytes32",
				"name": "role",
				"type": "bytes32"
			}
		],
		"name": "getRoleAdmin",
		"outputs": [
			{
				"internalType": "bytes32",
				"name": "",
				"type": "bytes32"
			}
		],
		"stateMutability": "view",
		"type": "function"
	},
	{
		"inputs": [
			{
				"internalType": "bytes32",
				"name": "role",
				"type": "bytes32"
			},
			{
				"internalType": "address",
				"name": "account",
				"type": "address"
			}
		],
		"name": "hasRole",
		"outputs": [
			{
				"internalType": "bool",
				"name": "",
				"type": "bool"
			}
		],
		"stateMutability": "view",
		"type": "function"
	},
	{
		"inputs": [],
		"name": "name",
		"outputs": [
			{
				"internalType": "string",
				"name": "",
				"type": "string"
			}
		],
		"stateMutability": "view",
		"type": "function"
	},
	{
		"inputs": [
			{
				"internalType": "address",
				"name": "owner",
				"type": "address"
			}
		],
		"name": "nonces",
		"outputs": [
			{
				"internalType": "uint256",
				"name": "",
				"type": "uint256"
			}
		],
		"stateMutability": "view",
		"type": "function"
	},
	{
		"inputs": [
			{
				"internalType": "bytes4",
				"name": "interfaceId",
				"type": "bytes4"
			}
		],
		"name": "supportsInterface",
		"outputs": [
			{
				"internalType": "bool",
				"name": "",
				"type": "bool"
			}
		],
		"stateMutability": "view",
		"type": "function"
	},
	{
		"inputs": [],
		"name": "symbol",
		"outputs": [
			{
				"internalType": "string",
				"name": "",
				"type": "string"
			}
		],
		"stateMutability": "view",
		"type": "function"
	},
	{
		"inputs": [],
		"name": "totalSupply",
		"outputs": [
			{
				"internalType": "uint256",
				"name": "",
				"type": "uint256"
			}
		],
		"stateMutability": "view",
		"type": "function"
	}
]