[
	{
		"inputs": [],
		"name": "acceptAdmin",
		"outputs": [],
		"stateMutability": "nonpayable",
		"type": "function"
	},
	{
		"inputs": [],
		"stateMutability": "nonpayable",
		"type": "constructor"
	},
	{
		"inputs": [],
		"name": "AccessControlBadConfirmation",
		"type": "error"
	},
	{
		"inputs": [
			{
				"internalType": "address",
				"name": "account",
				"type": "address"
			},
			{
				"internalType": "bytes32",
				"name": "neededRole",
				"type": "bytes32"
			}
		],
		"name": "AccessControlUnauthorizedAccount",
		"type": "error"
	},
	{
		"inputs": [],
		"name": "ECDSAInvalidSignature",
		"type": "error"
	},
	{
		"inputs": [
			{
				"internalType": "uint256",
				"name": "length",
				"type": "uint256"
			}
		],
		"name": "ECDSAInvalidSignatureLength",
		"type": "error"
	},
	{
		"inputs": [
			{
				"internalType": "bytes32",
				"name": "s",
				"type": "bytes32"
			}
		],
		"name": "ECDSAInvalidSignatureS",
		"type": "error"
	},
	{
		"inputs": [
			{
				"internalType": "uint256",
				"name": "increasedSupply",
				"type": "uint256"
			},
			{
				"internalType": "uint256",
				"name": "cap",
				"type": "uint256"
			}
		],
		"name": "ERC20ExceededCap",
		"type": "error"
	},
	{
		"inputs": [
			{
				"internalType": "address",
				"name": "spender",
				"type": "address"
			},
			{
				"internalType": "uint256",
				"name": "allowance",
				"type": "uint256"
			},
			{
				"internalType": "uint256",
				"name": "needed",
				"type": "uint256"
			}
		],
		"name": "ERC20InsufficientAllowance",
		"type": "error"
	},
	{
		"inputs": [
			{
				"internalType": "address",
				"name": "sender",
				"type": "address"
			},
			{
				"internalType": "uint256",
				"name": "balance",
				"type": "uint256"
			},
			{
				"internalType": "uint256",
				"name": "needed",
				"type": "uint256"
			}
		],
		"name": "ERC20InsufficientBalance",
		"type": "error"
	},
	{
		"inputs": [
			{
				"internalType": "address",
				"name": "approver",
				"type": "address"
			}
		],
		"name": "ERC20InvalidApprover",
		"type": "error"
	},
	{
		"inputs": [
			{
				"internalType": "uint256",
				"name": "cap",
				"type": "uint256"
			}
		],
		"name": "ERC20InvalidCap",
		"type": "error"
	},
	{
		"inputs": [
			{
				"internalType": "address",
				"name": "receiver",
				"type": "address"
			}
		],
		"name": "ERC20InvalidReceiver",
		"type": "error"
	},
	{
		"inputs": [
			{
				"internalType": "address",
				"name": "sender",
				"type": "address"
			}
		],
		"name": "ERC20InvalidSender",
		"type": "error"
	},
	{
		"inputs": [
			{
				"internalType": "address",
				"name": "spender",
				"type": "address"
			}
		],
		"name": "ERC20InvalidSpender",
		"type": "error"
	},
	{
		"inputs": [
			{
				"internalType": "uint256",
				"name": "deadline",
				"type": "uint256"
			}
		],
		"name": "ERC2612ExpiredSignature",
		"type": "error"
	},
	{
		"inputs": [
			{
				"internalType": "address",
				"name": "signer",
				"type": "address"
			},
			{
				"internalType": "address",
				"name": "owner",
				"type": "address"
			}
		],
		"name": "ERC2612InvalidSigner",
		"type": "error"
	},
	{
		"inputs": [
			{
				"internalType": "address",
				"name": "account",
				"type": "address"
			},
			{
				"internalType": "uint256",
				"name": "currentNonce",
				"type": "uint256"
			}
		],
		"name": "InvalidAccountNonce",
		"type": "error"
	},
	{
		"inputs": [],
		"name": "InvalidShortString",
		"type": "error"
	},
	{
		"inputs": [
			{
				"internalType": "address",
				"name": "token",
				"type": "address"
			}
		],
		"name": "SafeERC20FailedOperation",
		"type": "error"
	},
	{
		"inputs": [
			{
				"internalType": "string",
				"name": "str",
				"type": "string"
			}
		],
		"name": "StringTooLong",
		"type": "error"
	},
	{
		"anonymous": false,
		"inputs": [
			{
				"indexed": true,
				"internalType": "address",
				"name": "account",
				"type": "address"
			}
		],
		"name": "AdminGranted",
		"type": "event"
	},
	{
		"anonymous": false,
		"inputs": [
			{
				"indexed": true,
				"internalType": "address",
				"name": "account",
				"type": "address"
			}
		],
		"name": "AdminNominated",
		"type": "event"
	},
	{
		"anonymous": false,
		"inputs": [
			{
				"indexed": true,
				"internalType": "address",
				"name": "admin",
				"type": "address"
			}
		],
		"name": "AdminRenounced",
		"type": "event"
	},
	{
		"anonymous": false,
		"inputs": [
			{
				"indexed": true,
				"internalType": "address",
				"name": "owner",
				"type": "address"
			},
			{
				"indexed": true,
				"internalType": "address",
				"name": "spender",
				"type": "address"
			},
			{
				"indexed": false,
				"internalType": "uint256",
				"name": "value",
				"type": "uint256"
			}
		],
		"name": "Approval",
		"type": "event"
	},
	{
		"inputs": [
			{
				"internalType": "address",
				"name": "spender",
				"type": "address"
			},
			{
				"internalType": "uint256",
				"name": "value",
				"type": "uint256"
			}
		],
		"name": "approve",
		"outputs": [
			{
				"internalType": "bool",
				"name": "",
				"type": "bool"
			}
		],
		"stateMutability": "nonpayable",
		"type": "function"
	},
	{
		"inputs": [],
		"name": "cancelTradeableStatusChange",
		"outputs": [],
		"stateMutability": "nonpayable",
		"type": "function"
	},
	{
		"anonymous": false,
		"inputs": [],
		"name": "EIP712DomainChanged",
		"type": "event"
	},
	{
		"inputs": [
			{
				"internalType": "address",
				"name": "account",
				"type": "address"
			}
		],
		"name": "grantAdmin",
		"outputs": [],
		"stateMutability": "nonpayable",
		"type": "function"
	},
	{
		"inputs": [
			{
				"internalType": "bytes32",
				"name": "role",
				"type": "bytes32"
			},
			{
				"internalType": "address",
				"name": "account",
				"type": "address"
			}
		],
		"name": "grantRole",
		"outputs": [],
		"stateMutability": "nonpayable",
		"type": "function"
	},
	{
		"anonymous": false,
		"inputs": [
			{
				"indexed": true,
				"internalType": "address",
				"name": "lottery",
				"type": "address"
			},
			{
				"indexed": false,
				"internalType": "bool",
				"name": "isWhitelisted",
				"type": "bool"
			}
		],
		"name": "LotteryWhitelisted",
		"type": "event"
	},
	{
		"anonymous": false,
		"inputs": [
			{
				"indexed": true,
				"internalType": "address",
				"name": "to",
				"type": "address"
			},
			{
				"indexed": false,
				"internalType": "uint256",
				"name": "amount",
				"type": "uint256"
			}
		],
		"name": "Mint",
		"type": "event"
	},
	{
		"anonymous": false,
		"inputs": [
			{
				"indexed": true,
				"internalType": "address",
				"name": "recipient",
				"type": "address"
			},
			{
				"indexed": false,
				"internalType": "uint256",
				"name": "amount",
				"type": "uint256"
			}
		],
		"name": "NativeTokenRecovered",
		"type": "event"
	},
	{
		"inputs": [
			{
				"internalType": "address",
				"name": "account",
				"type": "address"
			}
		],
		"name": "nominateAdmin",
		"outputs": [],
		"stateMutability": "nonpayable",
		"type": "function"
	},
	{
		"anonymous": false,
		"inputs": [
			{
				"indexed": false,
				"internalType": "bool",
				"name": "isPaused",
				"type": "bool"
			}
		],
		"name": "Paused",
		"type": "event"
	},
	{
		"inputs": [
			{
				"internalType": "address",
				"name": "owner",
				"type": "address"
			},
			{
				"internalType": "address",
				"name": "spender",
				"type": "address"
			},
			{
				"internalType": "uint256",
				"name": "value",
				"type": "uint256"
			},
			{
				"internalType": "uint256",
				"name": "deadline",
				"type": "uint256"
			},
			{
				"internalType": "uint8",
				"name": "v",
				"type": "uint8"
			},
			{
				"internalType": "bytes32",
				"name": "r",
				"type": "bytes32"
			},
			{
				"internalType": "bytes32",
				"name": "s",
				"type": "bytes32"
			}
		],
		"name": "permit",
		"outputs": [],
		"stateMutability": "nonpayable",
		"type": "function"
	},
	{
		"anonymous": false,
		"inputs": [
			{
				"indexed": true,
				"internalType": "address",
				"name": "pool",
				"type": "address"
			},
			{
				"indexed": false,
				"internalType": "bool",
				"name": "isWhitelisted",
				"type": "bool"
			}
		],
		"name": "PoolWhitelisted",
		"type": "event"
	},
	{
		"anonymous": false,
		"inputs": [
			{
				"indexed": true,
				"internalType": "address",
				"name": "token",
				"type": "address"
			},
			{
				"indexed": false,
				"internalType": "bool",
				"name": "allowed",
				"type": "bool"
			}
		],
		"name": "RecoverableTokenUpdated",
		"type": "event"
	},
	{
		"inputs": [
			{
				"internalType": "address payable",
				"name": "recipient",
				"type": "address"
			},
			{
				"internalType": "uint256",
				"name": "amount",
				"type": "uint256"
			}
		],
		"name": "recoverNativeToken",
		"outputs": [],
		"stateMutability": "nonpayable",
		"type": "function"
	},
	{
		"inputs": [
			{
				"internalType": "address",
				"name": "token",
				"type": "address"
			},
			{
				"internalType": "address",
				"name": "recipient",
				"type": "address"
			},
			{
				"internalType": "uint256",
				"name": "amount",
				"type": "uint256"
			}
		],
		"name": "recoverToken",
		"outputs": [],
		"stateMutability": "nonpayable",
		"type": "function"
	},
	{
		"inputs": [],
		"name": "renounceAdmin",
		"outputs": [],
		"stateMutability": "nonpayable",
		"type": "function"
	},
	{
		"inputs": [
			{
				"internalType": "bytes32",
				"name": "role",
				"type": "bytes32"
			},
			{
				"internalType": "address",
				"name": "callerConfirmation",
				"type": "address"
			}
		],
		"name": "renounceRole",
		"outputs": [],
		"stateMutability": "nonpayable",
		"type": "function"
	},
	{
		"inputs": [
			{
				"internalType": "bytes32",
				"name": "role",
				"type": "bytes32"
			},
			{
				"internalType": "address",
				"name": "account",
				"type": "address"
			}
		],
		"name": "revokeRole",
		"outputs": [],
		"stateMutability": "nonpayable",
		"type": "function"
	},
	{
		"anonymous": false,
		"inputs": [
			{
				"indexed": true,
				"internalType": "bytes32",
				"name": "role",
				"type": "bytes32"
			},
			{
				"indexed": true,
				"internalType": "bytes32",
				"name": "previousAdminRole",
				"type": "bytes32"
			},
			{
				"indexed": true,
				"internalType": "bytes32",
				"name": "newAdminRole",
				"type": "bytes32"
			}
		],
		"name": "RoleAdminChanged",
		"type": "event"
	},
	{
		"anonymous": false,
		"inputs": [
			{
				"indexed": true,
				"internalType": "bytes32",
				"name": "role",
				"type": "bytes32"
			},
			{
				"indexed": true,
				"internalType": "address",
				"name": "account",
				"type": "address"
			},
			{
				"indexed": true,
				"internalType": "address",
				"name": "sender",
				"type": "address"
			}
		],
		"name": "RoleGranted",
		"type": "event"
	},
	{
		"anonymous": false,
		"inputs": [
			{
				"indexed": true,
				"internalType": "bytes32",
				"name": "role",
				"type": "bytes32"
			},
			{
				"indexed": true,
				"internalType": "address",
				"name": "account",
				"type": "address"
			},
			{
				"indexed": true,
				"internalType": "address",
				"name": "sender",
				"type": "address"
			}
		],
		"name": "RoleRevoked",
		"type": "event"
	},
	{
		"inputs": [
			{
				"internalType": "bool",
				"name": "paused",
				"type": "bool"
			}
		],
		"name": "setPaused",
		"outputs": [],
		"stateMutability": "nonpayable",
		"type": "function"
	},
	{
		"inputs": [
			{
				"internalType": "address",
				"name": "token",
				"type": "address"
			},
			{
				"internalType": "bool",
				"name": "allowed",
				"type": "bool"
			}
		],
		"name": "setRecoverableToken",
		"outputs": [],
		"stateMutability": "nonpayable",
		"type": "function"
	},
	{
		"inputs": [
			{
				"internalType": "bool",
				"name": "_status",
				"type": "bool"
			}
		],
		"name": "setTradeable",
		"outputs": [],
		"stateMutability": "nonpayable",
		"type": "function"
	},
	{
		"inputs": [
			{
				"internalType": "address",
				"name": "lottery",
				"type": "address"
			},
			{
				"internalType": "bool",
				"name": "isWhitelisted",
				"type": "bool"
			}
		],
		"name": "setWhitelistedLottery",
		"outputs": [],
		"stateMutability": "nonpayable",
		"type": "function"
	},
	{
		"inputs": [
			{
				"internalType": "address",
				"name": "pool",
				"type": "address"
			},
			{
				"internalType": "bool",
				"name": "isWhitelisted",
				"type": "bool"
			}
		],
		"name": "setWhitelistedPool",
		"outputs": [],
		"stateMutability": "nonpayable",
		"type": "function"
	},
	{
		"anonymous": false,
		"inputs": [
			{
				"indexed": true,
				"internalType": "address",
				"name": "token",
				"type": "address"
			},
			{
				"indexed": true,
				"internalType": "address",
				"name": "recipient",
				"type": "address"
			},
			{
				"indexed": false,
				"internalType": "uint256",
				"name": "amount",
				"type": "uint256"
			}
		],
		"name": "TokenRecovered",
		"type": "event"
	},
	{
		"anonymous": false,
		"inputs": [],
		"name": "TradingStatusChangeCanceled",
		"type": "event"
	},
	{
		"anonymous": false,
		"inputs": [
			{
				"indexed": true,
				"internalType": "bool",
				"name": "newStatus",
				"type": "bool"
			},
			{
				"indexed": false,
				"internalType": "uint256",
				"name": "timestamp",
				"type": "uint256"
			}
		],
		"name": "TradingStatusQueued",
		"type": "event"
	},
	{
		"anonymous": false,
		"inputs": [
			{
				"indexed": true,
				"internalType": "bool",
				"name": "liveTrading",
				"type": "bool"
			}
		],
		"name": "TradingStatusUpdated",
		"type": "event"
	},
	{
		"inputs": [
			{
				"internalType": "address",
				"name": "to",
				"type": "address"
			},
			{
				"internalType": "uint256",
				"name": "value",
				"type": "uint256"
			}
		],
		"name": "transfer",
		"outputs": [
			{
				"internalType": "bool",
				"name": "",
				"type": "bool"
			}
		],
		"stateMutability": "nonpayable",
		"type": "function"
	},
	{
		"anonymous": false,
		"inputs": [
			{
				"indexed": true,
				"internalType": "address",
				"name": "from",
				"type": "address"
			},
			{
				"indexed": true,
				"internalType": "address",
				"name": "to",
				"type": "address"
			},
			{
				"indexed": false,
				"internalType": "uint256",
				"name": "value",
				"type": "uint256"
			}
		],
		"name": "Transfer",
		"type": "event"
	},
	{
		"inputs": [
			{
				"internalType": "address",
				"name": "from",
				"type": "address"
			},
			{
				"internalType": "address",
				"name": "to",
				"type": "address"
			},
			{
				"internalType": "uint256",
				"name": "value",
				"type": "uint256"
			}
		],
		"name": "transferFrom",
		"outputs": [
			{
				"internalType": "bool",
				"name": "",
				"type": "bool"
			}
		],
		"stateMutability": "nonpayable",
		"type": "function"
	},
	{
		"inputs": [],
		"name": "ADMIN_ROLE",
		"outputs": [
			{
				"internalType": "bytes32",
				"name": "",
				"type": "bytes32"
			}
		],
		"stateMutability": "view",
		"type": "function"
	},
	{
		"inputs": [
			{
				"internalType": "address",
				"name": "owner",
				"type": "address"
			},
			{
				"internalType": "address",
				"name": "spender",
				"type": "address"
			}
		],
		"name": "allowance",
		"outputs": [
			{
				"internalType": "uint256",
				"name": "",
				"type": "uint256"
			}
		],
		"stateMutability": "view",
		"type": "function"
	},
	{
		"inputs": [
			{
				"internalType": "address",
				"name": "account",
				"type": "address"
			}
		],
		"name": "balanceOf",
		"outputs": [
			{
				"internalType": "uint256",
				"name": "",
				"type": "uint256"
			}
		],
		"stateMutability": "view",
		"type": "function"
	},
	{
		"inputs": [],
		"name": "cap",
		"outputs": [
			{
				"internalType": "uint256",
				"name": "",
				"type": "uint256"
			}
		],
		"stateMutability": "view",
		"type": "function"
	},
	{
		"inputs": [],
		"name": "decimals",
		"outputs": [
			{
				"internalType": "uint8",
				"name": "",
				"type": "uint8"
			}
		],
		"stateMutability": "view",
		"type": "function"
	},
	{
		"inputs": [],
		"name": "DEFAULT_ADMIN_ROLE",
		"outputs": [
			{
				"internalType": "bytes32",
				"name": "",
				"type": "bytes32"
			}
		],
		"stateMutability": "view",
		"type": "function"
	},
	{
		"inputs": [],
		"name": "DOMAIN_SEPARATOR",
		"outputs": [
			{
				"internalType": "bytes32",
				"name": "",
				"type": "bytes32"
			}
		],
		"stateMutability": "view",
		"type": "function"
	},
	{
		"inputs": [],
		"name": "eip712Domain",
		"outputs": [
			{
				"internalType": "bytes1",
				"name": "fields",
				"type": "bytes1"
			},
			{
				"internalType": "string",
				"name": "name",
				"type": "string"
			},
			{
				"internalType": "string",
				"name": "version",
				"type": "string"
			},
			{
				"internalType": "uint256",
				"name": "chainId",
				"type": "uint256"
			},
			{
				"internalType": "address",
				"name": "verifyingContract",
				"type": "address"
			},
			{
				"internalType": "bytes32",
				"name": "salt",
				"type": "bytes32"
			},
			{
				"internalType": "uint256[]",
				"name": "extensions",
				"type": "uint256[]"
			}
		],
		"stateMutability": "view",
		"type": "function"
	},
	{
		"inputs": [
			{
				"internalType": "bytes32",
				"name": "role",
				"type": "bytes32"
			}
		],
		"name": "getRoleAdmin",
		"outputs": [
			{
				"internalType": "bytes32",
				"name": "",
				"type": "bytes32"
			}
		],
		"stateMutability": "view",
		"type": "function"
	},
	{
		"inputs": [],
		"name": "getTradeableStatusChange",
		"outputs": [
			{
				"internalType": "bool",
				"name": "",
				"type": "bool"
			},
			{
				"internalType": "uint256",
				"name": "",
				"type": "uint256"
			}
		],
		"stateMutability": "view",
		"type": "function"
	},
	{
		"inputs": [
			{
				"internalType": "bytes32",
				"name": "role",
				"type": "bytes32"
			},
			{
				"internalType": "address",
				"name": "account",
				"type": "address"
			}
		],
		"name": "hasRole",
		"outputs": [
			{
				"internalType": "bool",
				"name": "",
				"type": "bool"
			}
		],
		"stateMutability": "view",
		"type": "function"
	},
	{
		"inputs": [],
		"name": "liveTrading",
		"outputs": [
			{
				"internalType": "bool",
				"name": "",
				"type": "bool"
			}
		],
		"stateMutability": "view",
		"type": "function"
	},
	{
		"inputs": [],
		"name": "MAX_SUPPLY",
		"outputs": [
			{
				"internalType": "uint256",
				"name": "",
				"type": "uint256"
			}
		],
		"stateMutability": "view",
		"type": "function"
	},
	{
		"inputs": [],
		"name": "name",
		"outputs": [
			{
				"internalType": "string",
				"name": "",
				"type": "string"
			}
		],
		"stateMutability": "view",
		"type": "function"
	},
	{
		"inputs": [
			{
				"internalType": "address",
				"name": "owner",
				"type": "address"
			}
		],
		"name": "nonces",
		"outputs": [
			{
				"internalType": "uint256",
				"name": "",
				"type": "uint256"
			}
		],
		"stateMutability": "view",
		"type": "function"
	},
	{
		"inputs": [],
		"name": "RECOVERER_ROLE",
		"outputs": [
			{
				"internalType": "bytes32",
				"name": "",
				"type": "bytes32"
			}
		],
		"stateMutability": "view",
		"type": "function"
	},
	{
		"inputs": [
			{
				"internalType": "bytes4",
				"name": "interfaceId",
				"type": "bytes4"
			}
		],
		"name": "supportsInterface",
		"outputs": [
			{
				"internalType": "bool",
				"name": "",
				"type": "bool"
			}
		],
		"stateMutability": "view",
		"type": "function"
	},
	{
		"inputs": [],
		"name": "symbol",
		"outputs": [
			{
				"internalType": "string",
				"name": "",
				"type": "string"
			}
		],
		"stateMutability": "view",
		"type": "function"
	},
	{
		"inputs": [],
		"name": "TIMELOCK_DURATION",
		"outputs": [
			{
				"internalType": "uint256",
				"name": "",
				"type": "uint256"
			}
		],
		"stateMutability": "view",
		"type": "function"
	},
	{
		"inputs": [],
		"name": "totalSupply",
		"outputs": [
			{
				"internalType": "uint256",
				"name": "",
				"type": "uint256"
			}
		],
		"stateMutability": "view",
		"type": "function"
	}
]